106,Something,Took action,54935236
10,No action,Action not necessary,54946152
50,Summons,Summons,54947389
50,No action,Gone,54947391
28,Summons,Summons,54947392
106,No action,Found no violation,54947393
67,No action,Found no violation,54948717
50,No action,Found no violation,54948718
52,Something,Took action,54948719
50,No action,Action not necessary,54948720
60,No action,Gone,54950017
106,Something,Took action,54951169
67,Something,Took action,54951170
104,Summons,Summons,54951172
81,Something,Took action,54952423
78,No action,Action not necessary,54952426
114,Something,Took action,54953621
50,No action,Found no violation,54953624
50,No action,Found no violation,54953625
115,No action,Found no violation,54954889
106,No action,Provided information,54954890
109,No action,Gone,54954891
115,Summons,Summons,55006765
105,No action,Gone,54950016
115,Summons,Summons,54953620
50,No action,Found no violation,54953623
81,No action,Action not necessary,54954888
49,Summons,Summons,54956363
52,Summons,Summons,54956364
104,Summons,Summons,54956365
46,Something,Took action,54957780
104,No action,Found no violation,54957781
34,Summons,Summons,54959150
79,No action,Contact Info,54959151
81,Something,Took action,54960566
111,Something,Took action,54961931
104,No action,Action not necessary,54963271
104,Something,Took action,54963272
107,No action,Provided information,54966192
67,No action,Found no violation,54966193
47,No action,Jurisdiction,54995190
47,Something,Took action,54966194
45,Summons,Summons,54967837
50,No action,Gone,54967838
34,Summons,Summons,54967839
47,Something,Took action,54969408
40,Something,Took action,54969409
114,No action,Gone,54969410
40,No action,Action not necessary,54969411
49,Something,Took action,54969412
47,Something,Took action,54956361
72,No action,Provided information,54974312
40,Something,Took action,54974313
62,Something,Took action,54975988
34,Summons,Summons,54975989
61,Something,Took action,54979271
45,Something,Took action,54979272
102,Something,Took action,54979273
33,No action,Action not necessary,54979274
52,Something,Took action,54971078
109,Something,Took action,54971079
109,Something,Took action,54971080
102,Summons,Summons,54971081
120,Something,Took action,54972751
34,Summons,Summons,54972750
52,Summons,Summons,54972752
44,Something,Took action,54718643
41,No action,Jurisdiction,55022911
105,Summons,Summons,54967840
49,No action,Found no violation,54974311
48,No action,Found no violation,54974314
69,Something,Took action,54980431
32,Something,Took action,54980434
63,Something,Took action,54980435
114,No action,Action not necessary,54980436
72,Something,Took action,54980437
40,No action,Found no violation,54980438
110,Something,Took action,54981626
102,Something,Took action,54982823
114,Something,Took action,54982824
104,Something,Took action,54982825
106,Something,Took action,54982826
66,Something,Took action,54982827
120,Something,Took action,54984070
79,No action,Gone,54984071
42,No action,Action not necessary,54984072
102,Something,Took action,54985231
115,Something,Took action,54985232
45,No action,Found no violation,54986497
34,No action,Found no violation,54986499
79,Something,Took action,54987777
33,Something,Took action,54987779
106,Something,Took action,54987780
45,Summons,Summons,54987781
114,No action,Action not necessary,54987782
63,Something,Took action,54987783
104,Something,Took action,54988984
52,Something,Took action,54988985
113,Summons,Summons,54988986
40,No action,Action not necessary,54988987
52,No action,Provided information,54988988
45,No action,Found no violation,54988989
43,No action,Found no violation,54988990
104,No action,Found no violation,55030791
120,Something,Took action,54998967
109,Summons,Summons,54998968
70,No action,Gone,54998969
120,Something,Took action,54998971
104,No action,Gone,54998972
104,No action,Provided information,54998973
66,No action,Action not necessary,54982828
72,No action,Found no violation,54986498
84,No action,Found no violation,54987778
1,No action,Found no violation,54990236
18,Something,Took action,54990237
100,No action,Found no violation,54991466
18,No action,Gone,54991467
47,No action,Jurisdiction,54992749
49,No action,Action not necessary,54992751
66,Something,Took action,54992752
34,No action,Found no violation,54994002
47,Something,Took action,54994003
81,No action,Action not necessary,54995188
63,Something,Took action,54995189
104,No action,Gone,54995191
34,No action,Provided information,54996414
79,Something,Took action,54997677
120,Something,Took action,54997678
104,Something,Took action,54997679
109,Something,Took action,54992753
70,Summons,Summons,54992754
104,Summons,Summons,54997680
50,No action,Found no violation,54998970
109,Something,Took action,54998974
122,No action,Found no violation,55000132
40,Something,Took action,55000133
44,Something,Took action,55000134
104,No action,Found no violation,55000135
63,Something,Took action,55000136
32,No action,Found no violation,55001272
67,Something,Took action,55001273
61,No action,Gone,55001274
17,Something,Took action,55001275
47,No action,Jurisdiction,55002347
9,No action,Found no violation,55002348
104,Summons,Summons,55002349
42,No action,Found no violation,55003463
19,Something,Took action,55003464
44,Something,Took action,55003465
104,No action,Provided information,55004517
70,No action,Action not necessary,55004518
45,Something,Took action,55004520
47,No action,Jurisdiction,55004521
103,No action,Action not necessary,55004522
34,Something,Took action,55004523
47,No action,Jurisdiction,55004524
50,No action,Gone,55005627
63,No action,Action not necessary,55005628
13,No action,Action not necessary,55005629
44,No action,Action not necessary,55005630
30,Summons,Summons,55006761
50,No action,Gone,55006763
20,No action,Action not necessary,55006764
103,No action,Action not necessary,55007844
120,No action,Gone,55007845
45,Something,Took action,55007846
63,No action,Provided information,55007848
62,No action,Action not necessary,55049794
47,No action,Found no violation,55015812
120,Something,Took action,55015814
120,Something,Took action,55015815
77,No action,Gone,55015816
46,No action,Provided information,55015817
52,Summons,Summons,55015818
46,No action,Provided information,55016927
113,No action,Found no violation,55000137
62,No action,Found no violation,55002350
84,No action,Found no violation,55005626
45,No action,Gone,55005631
45,No action,Action not necessary,55006762
52,No action,Found no violation,55007847
75,No action,Provided information,55008952
60,No action,Action not necessary,55008953
33,No action,Action not necessary,55010094
40,No action,Action not necessary,55010095
61,No action,Provided information,55010096
78,No action,Action not necessary,55010097
105,Something,Took action,55010098
121,Something,Took action,55011237
33,No action,Action not necessary,55011238
79,No action,Contact Info,55011239
103,Something,Took action,55011240
14,No action,Found no violation,55011242
105,Something,Took action,55011243
104,Something,Report,55012390
1,Something,Took action,55012391
108,Summons,Summons,55012392
45,Summons,Summons,55012394
106,No action,Found no violation,55013527
60,No action,Action not necessary,55013528
110,Summons,Summons,55013529
109,No action,Action not necessary,55013530
52,Summons,Summons,55014652
34,No action,Action not necessary,55008954
109,Something,Took action,55010099
61,Something,Took action,55011241
115,No action,Found no violation,55012393
62,Something,Took action,55012395
114,Something,Took action,55012396
34,Summons,Summons,55012397
19,Something,Took action,55021733
60,No action,Gone,55021734
104,Something,Took action,55022909
50,No action,Found no violation,55022910
49,No action,Found no violation,55022912
13,Something,Took action,55022913
34,No action,Action not necessary,55024098
104,No action,Provided information,55024100
63,Something,Took action,55024102
75,No action,Provided information,55025260
103,No action,Action not necessary,55025261
108,No action,Found no violation,55025262
34,No action,Action not necessary,55026429
67,No action,Action not necessary,55026431
9,No action,Action not necessary,55026432
108,Something,Took action,55026433
52,No action,Found no violation,55026434
81,No action,Provided information,55026435
102,No action,Found no violation,55013531
115,No action,Action not necessary,55015813
109,No action,Gone,55015819
61,Something,Took action,55016928
111,No action,Action not necessary,55018129
45,Something,Took action,55018130
72,No action,Found no violation,55019287
19,Something,Took action,55019288
108,Something,Took action,55019289
24,No action,Action not necessary,55019290
104,Something,Took action,55020513
106,Summons,Summons,55020514
50,No action,Gone,55031901
106,Something,Took action,54754027
50,Something,Took action,55018128
61,Something,Took action,55024099
120,No action,Found no violation,55024101
106,Summons,Summons,55024103
61,No action,Found no violation,55027595
105,No action,Action not necessary,55027596
102,Something,Took action,55027597
84,Something,Took action,55027598
40,No action,Action not necessary,55028625
44,Something,Took action,55028626
33,No action,Gone,55028627
33,No action,Action not necessary,55029703
30,No action,Action not necessary,55030790
78,Something,Took action,55030792
104,Summons,Summons,55030793
45,No action,Action not necessary,55031899
33,Something,Took action,55031900
46,No action,Found no violation,55031903
45,Summons,Summons,55031904
121,No action,Provided information,55033020
69,No action,Jurisdiction,55034150
45,Something,Took action,55034151
34,Summons,Summons,55034152
44,No action,Action not necessary,55035200
67,Something,Took action,55035202
34,Summons,Summons,55035203
81,Summons,Summons,55057795
62,No action,Provided information,55028628
79,No action,Action not necessary,55031902
62,No action,Provided information,55033019
102,Something,Took action,54712230
50,No action,Gone,55035204
115,No action,Gone,55036169
76,No action,Action not necessary,55036170
50,Summons,Summons,55036171
61,No action,Action not necessary,55037151
104,No action,Found no violation,55038140
50,No action,Found no violation,55039108
113,No action,Found no violation,55039109
114,No action,Action not necessary,55039110
50,No action,Action not necessary,55039111
109,Something,Took action,55040118
84,Something,Took action,55040119
70,Summons,Summons,55040120
62,Something,Took action,55041130
49,Summons,Summons,55041131
84,Summons,Summons,55041132
50,No action,Gone,55042095
52,No action,Found no violation,55042096
61,No action,Action not necessary,55042097
50,No action,Action not necessary,55042098
68,No action,Action not necessary,55043036
122,No action,Action not necessary,55043037
102,No action,Found no violation,54713850
72,No action,Gone,55052084
122,No action,Action not necessary,55052085
120,Summons,Summons,54754031
114,No action,Gone,54756500
109,Something,Took action,55040121
113,No action,Jurisdiction,55041133
50,No action,Action not necessary,55044056
18,No action,Gone,55044057
61,Something,Took action,55044058
45,No action,Provided information,55044059
45,No action,Provided information,55045217
43,Something,Took action,55045218
49,No action,Action not necessary,55046351
45,No action,Provided information,55046352
34,No action,Action not necessary,55046353
33,Summons,Summons,55046354
50,No action,Action not necessary,55046355
111,Summons,Summons,55046356
45,No action,Provided information,55047515
103,Something,Took action,55047516
45,No action,Provided information,55047517
102,Something,Took action,55047518
43,No action,Found no violation,55048653
45,Something,Took action,55048654
45,No action,Found no violation,55048655
106,No action,Action not necessary,55048656
45,No action,Provided information,55048657
33,No action,Action not necessary,55048658
84,Something,Took action,55048659
45,Something,Took action,55049791
77,No action,Action not necessary,55049792
77,Something,Took action,55049793
23,No action,Jurisdiction,55049795
61,Something,Took action,55049797
76,No action,Action not necessary,55049798
73,No action,Found no violation,55049799
45,Something,Report,55050936
104,No action,Gone,55050937
28,No action,Action not necessary,55050938
47,No action,Jurisdiction,55050940
50,No action,Action not necessary,55050941
111,Something,Took action,55050942
108,Something,Took action,55037150
44,No action,Found no violation,55037152
45,No action,Provided information,55052082
104,No action,Action not necessary,55052083
113,No action,Found no violation,55052086
45,No action,Provided information,55052087
34,No action,Action not necessary,55052088
110,No action,Action not necessary,55094413
75,Summons,Summons,54702786
32,Something,Took action,54704086
88,No action,Found no violation,54705423
115,Something,Took action,54706773
32,No action,Found no violation,54706774
105,Something,Took action,54708118
50,Something,Took action,55045216
88,Something,Took action,54710809
114,No action,Gone,54712228
115,No action,Provided information,54712229
121,Something,Took action,55056683
50,No action,Found no violation,55056684
47,No action,Jurisdiction,55056686
40,No action,Action not necessary,54715424
102,Something,Took action,54715427
79,No action,Gone,54715428
42,No action,Found no violation,54715429
40,Something,Took action,55057794
18,No action,Found no violation,55057796
109,No action,Action not necessary,55057797
50,No action,Gone,55057798
102,No action,Action not necessary,55057799
110,No action,Found no violation,55057800
115,No action,Found no violation,54717025
100,Something,Took action,54717026
83,Summons,Summons,54717027
102,Something,Took action,54717028
103,Something,Took action,54717029
106,No action,Jurisdiction,54717030
49,Summons,Summons,54718641
40,No action,Gone,54718642
101,Something,Took action,54718644
102,Something,Took action,54718647
50,Summons,Summons,54718648
114,No action,Found no violation,55047519
66,No action,Gone,54720242
104,Something,Took action,54720243
45,No action,Action not necessary,54720244
47,No action,Action not necessary,54720245
47,No action,Action not necessary,54720246
45,Summons,Summons,54720247
106,Summons,Summons,54721809
113,No action,Found no violation,54721810
40,No action,Found no violation,54721811
46,No action,Action not necessary,55049800
100,No action,Found no violation,55049801
108,No action,Found no violation,54723382
43,Summons,Summons,54723383
73,No action,Found no violation,54723384
10,No action,Action not necessary,54723385
84,No action,Gone,55050943
106,No action,Found no violation,55052089
106,Something,Took action,54724908
114,Something,Took action,54724910
32,No action,Jurisdiction,54724911
50,No action,Gone,55053252
40,No action,Action not necessary,55054413
75,No action,Action not necessary,55054414
70,Summons,Summons,55054415
45,Summons,Summons,55055557
106,No action,Provided information,55055558
73,No action,Found no violation,54713843
102,No action,Action not necessary,54713844
70,Something,Took action,54713846
52,No action,Found no violation,54713847
109,Something,Took action,55058959
77,Something,Took action,55058960
84,Summons,Summons,55058961
77,No action,Found no violation,55058962
20,No action,Found no violation,55058963
102,No action,Action not necessary,55058964
43,No action,Found no violation,55058965
52,Something,Took action,55060154
104,Something,Took action,55060155
104,Something,Took action,55061288
47,No action,Jurisdiction,55061289
111,Something,Took action,55061290
109,Something,Took action,54758928
84,Summons,Summons,55060156
115,Summons,Summons,55062390
49,Summons,Summons,55062391
103,Something,Took action,55062392
107,Summons,Summons,55063511
102,No action,Found no violation,55064633
50,No action,Found no violation,55064634
33,Summons,Summons,55064635
103,No action,Gone,55064636
33,No action,Found no violation,55065751
115,Something,Report,55065752
69,Summons,Summons,55065754
102,Something,Took action,55065755
44,No action,Found no violation,55065756
104,Summons,Summons,55054416
115,No action,Action not necessary,55056685
114,No action,Action not necessary,55057801
47,No action,Jurisdiction,55058966
73,Something,Took action,55066884
50,No action,Found no violation,55066885
33,No action,Action not necessary,55067953
105,Something,Took action,55067954
50,No action,Action not necessary,55067955
115,Something,Took action,55067956
50,Summons,Summons,55067957
44,Something,Took action,55067958
110,No action,Action not necessary,55069124
115,No action,Found no violation,55070254
104,Something,Took action,55093315
88,Summons,Summons,55101777
34,Something,Took action,54713845
46,No action,Found no violation,54713849
88,No action,Found no violation,54715426
114,No action,Found no violation,54715430
62,No action,Action not necessary,54717031
52,No action,Found no violation,54718646
104,Something,Took action,54726186
50,No action,Contact Info,54726187
45,No action,Jurisdiction,54726188
48,Something,Took action,54727412
44,No action,Action not necessary,54727413
79,No action,Gone,54727415
79,Something,Took action,54727416
75,No action,Found no violation,54727417
102,Summons,Summons,54728614
75,No action,Gone,54728615
107,No action,Action not necessary,54728616
47,Summons,Summons,54728617
1,Something,Took action,54728618
110,No action,Found no violation,54729858
102,No action,Gone,54729859
49,No action,Provided information,54729860
102,No action,Action not necessary,54729862
111,Something,Took action,54731095
105,Summons,Summons,54732335
52,No action,Action not necessary,54732336
101,Something,Took action,54732337
75,No action,Gone,54732340
52,Something,Took action,54733532
62,No action,Gone,54733533
109,Something,Took action,54733534
107,No action,Action not necessary,54733535
107,No action,Action not necessary,54733536
61,No action,Action not necessary,54733537
75,No action,Provided information,54734769
52,No action,Found no violation,54734770
45,No action,Action not necessary,54734771
75,No action,Found no violation,54734772
48,No action,Gone,54752817
114,No action,Found no violation,54752818
109,Something,Took action,55077017
113,No action,Action not necessary,55077018
105,Something,Took action,55077019
50,Something,Took action,55077020
112,No action,Action not necessary,55063508
72,No action,Found no violation,55064637
19,Something,Took action,55066882
78,Something,Took action,55066886
84,Summons,Summons,55066887
94,No action,Found no violation,55066888
50,Something,Took action,55071339
78,No action,Found no violation,55071340
106,Something,Took action,55071341
88,No action,Action not necessary,55071342
106,Something,Took action,55072470
108,No action,Found no violation,55072471
62,Summons,Summons,55072473
40,No action,Action not necessary,55073564
45,Something,Took action,55073565
47,No action,Found no violation,55073566
50,No action,Found no violation,55074701
50,Something,Took action,55074702
50,Something,Took action,55074703
40,No action,Found no violation,55074704
62,No action,Jurisdiction,54767557
104,No action,Action not necessary,54767558
102,No action,Provided information,55075830
63,Something,Took action,55075832
61,No action,Action not necessary,55075833
104,No action,Provided information,55075834
50,No action,Gone,55075835
50,Something,Took action,55075836
52,No action,Found no violation,55075837
104,Something,Took action,55078130
78,No action,Action not necessary,55078131
102,Something,Took action,55078132
106,No action,Provided information,55078134
50,Something,Took action,55078135
1,No action,Gone,55078136
45,Something,Took action,55078137
50,No action,Found no violation,55079258
26,No action,Action not necessary,55079259
50,Something,Took action,55079260
84,No action,Gone,55080451
105,Something,Took action,55080452
106,Something,Took action,55080453
19,Something,Took action,55080456
18,Something,Took action,55081632
50,No action,Gone,55082805
77,No action,Found no violation,55082806
78,Summons,Summons,55082807
70,Something,Took action,55085243
40,Something,Took action,55085244
104,No action,Gone,55085245
50,Something,Took action,55085246
18,No action,Found no violation,55085247
79,No action,Found no violation,55085248
105,No action,Action not necessary,55086436
77,No action,Action not necessary,55087629
77,No action,Jurisdiction,55087630
61,No action,Found no violation,55088773
77,No action,Jurisdiction,55088774
26,Summons,Summons,55088775
105,Something,Took action,55088777
79,Something,Took action,55089930
88,No action,Gone,54775988
105,No action,Action not necessary,55085249
115,Summons,Summons,55088776
43,No action,Provided information,55089928
50,No action,Found no violation,55089929
49,No action,Found no violation,55089931
77,No action,Jurisdiction,55089932
79,Something,Took action,55089933
40,No action,Found no violation,55091059
13,No action,Gone,55091060
43,No action,Action not necessary,55091061
13,No action,Action not necessary,55091062
109,Something,Took action,55092164
84,Summons,Summons,55092165
109,No action,Action not necessary,55092166
115,No action,Gone,55092167
105,No action,Found no violation,55092168
84,No action,Action not necessary,55092169
88,Something,Took action,55093310
102,No action,Found no violation,55093311
67,Something,Took action,55093312
77,No action,Action not necessary,55093313
67,No action,Found no violation,55093314
71,No action,Found no violation,55094410
104,Something,Took action,55094411
109,Something,Took action,55094412
102,No action,Found no violation,55080455
106,Something,Took action,55081631
103,No action,Found no violation,55082804
50,No action,Action not necessary,55096590
79,Something,Took action,55096591
109,No action,Action not necessary,55096592
107,Something,Took action,55096593
112,Something,Took action,55097686
115,No action,Gone,55103875
69,Summons,Summons,55095473
50,No action,Found no violation,55095474
109,No action,Action not necessary,54726189
107,No action,Jurisdiction,54729861
104,No action,Action not necessary,54732339
114,No action,Gone,54736040
106,No action,Found no violation,54736041
120,Summons,Summons,54737274
109,Something,Took action,54737276
49,Summons,Summons,54737277
41,No action,Found no violation,54738481
109,No action,Found no violation,54738482
115,No action,Found no violation,54738483
104,Something,Took action,54739704
43,No action,Provided information,54739705
121,Summons,Summons,54740892
70,No action,Action not necessary,54740893
5,Something,Took action,54743328
106,No action,Gone,54743329
94,No action,Action not necessary,54743330
75,Something,Took action,54743331
109,No action,Found no violation,54743332
75,No action,Action not necessary,54744591
102,Something,Took action,54744592
114,Something,Took action,54744593
52,Summons,Summons,54758923
50,Something,Took action,54758925
114,No action,Gone,55132454
52,Summons,Summons,54781031
70,No action,Found no violation,54781033
50,No action,Action not necessary,55101775
104,No action,Gone,55101776
79,No action,Action not necessary,55098685
110,No action,Found no violation,55099685
122,Something,Took action,55100708
20,No action,Action not necessary,55100710
81,Something,Took action,55100712
104,No action,Gone,55100714
90,No action,Found no violation,55113117
68,Something,Took action,55102857
106,Something,Took action,55102860
104,No action,Gone,55103876
109,Something,Took action,55104867
78,No action,Action not necessary,55104868
104,Something,Took action,55104869
84,No action,Found no violation,55105854
61,Something,Took action,55105855
49,No action,Gone,55105856
50,Summons,Summons,55105857
41,No action,Found no violation,55105858
1,No action,Found no violation,55105860
40,Summons,Summons,55105861
18,No action,Found no violation,55134678
46,No action,Action not necessary,54736039
46,Summons,Summons,54745802
71,Something,Took action,54745803
50,Something,Took action,54746938
62,No action,Action not necessary,54746939
45,No action,Gone,54746940
115,No action,Gone,54746941
79,Something,Took action,54748125
75,No action,Found no violation,54748126
110,Something,Took action,54748127
70,No action,Action not necessary,54749267
62,Something,Took action,54750491
114,No action,Jurisdiction,54750492
109,No action,Found no violation,54750494
45,No action,Found no violation,54750495
90,No action,Found no violation,54751619
115,Something,Took action,54751620
68,No action,Provided information,54752815
115,No action,Gone,54752816
110,Something,Took action,54754028
79,Something,Took action,54754029
40,Something,Took action,54754032
79,Something,Took action,54760235
120,Summons,Summons,55100709
50,Something,Took action,55100713
106,Something,Took action,55102859
47,No action,Found no violation,55102861
50,Something,Took action,55105859
13,No action,Action not necessary,55107007
1,No action,Gone,55107008
109,No action,Found no violation,55114345
104,No action,Provided information,55114346
105,Something,Took action,55108235
13,Summons,Summons,55108236
120,No action,Found no violation,55114348
102,Something,Took action,55109472
109,No action,Gone,55109474
102,Something,Took action,55109475
33,Summons,Summons,55109476
84,No action,Gone,55109477
70,No action,Found no violation,55109478
47,Something,Took action,55110733
90,No action,Found no violation,55110734
41,No action,Found no violation,55113116
79,No action,Action not necessary,55113118
109,Something,Took action,55113119
33,No action,Found no violation,55115625
105,No action,Gone,55115627
109,No action,Found no violation,55115628
109,No action,Gone,55115629
120,No action,Provided information,55115631
102,Summons,Summons,54798783
83,No action,Found no violation,55114349
45,Something,Took action,54745801
111,Something,Took action,54750493
105,No action,Found no violation,54751621
50,No action,Gone,55109473
44,No action,Found no violation,54754033
88,Something,Took action,55110732
83,No action,Found no violation,55110735
44,No action,Found no violation,54755236
50,Something,Took action,54755237
84,No action,Action not necessary,54755239
50,No action,Action not necessary,54755241
102,No action,Found no violation,54756497
50,No action,Found no violation,54756498
34,No action,Action not necessary,54756499
84,Something,Took action,55119477
107,Something,Took action,55119478
105,Something,Took action,54757672
42,Something,Took action,54757673
50,No action,Action not necessary,54757674
102,No action,Found no violation,54757675
1,Something,Took action,55120797
79,No action,Found no violation,55120798
78,Something,Took action,55120799
43,No action,Action not necessary,54758926
40,Something,Took action,54758927
79,Something,Took action,54758929
52,Something,Took action,54760225
75,No action,Provided information,54760228
113,No action,Found no violation,54760229
42,Something,Took action,54760230
113,No action,Found no violation,54760231
110,Something,Took action,54760232
45,Something,Took action,54760234
1,No action,Gone,55122104
107,No action,Provided information,55122105
102,No action,Found no violation,55122107
75,No action,Found no violation,55122108
103,No action,Action not necessary,55122109
40,Something,Took action,55122110
121,No action,Action not necessary,54761515
102,No action,Provided information,54761516
40,No action,Found no violation,54761517
47,No action,Jurisdiction,54762741
50,No action,Found no violation,54762744
45,No action,Action not necessary,54762745
115,No action,Action not necessary,54762746
110,No action,Found no violation,54762747
19,Something,Took action,55123342
120,No action,Provided information,55123343
50,Something,Took action,54764001
110,Something,Took action,54764004
102,No action,Action not necessary,54764005
75,No action,Found no violation,54764006
106,No action,Action not necessary,55124570
106,No action,Action not necessary,55124571
44,No action,Found no violation,55125839
123,No action,Action not necessary,55125840
104,No action,Found no violation,55125841
44,No action,Found no violation,55116910
121,No action,Found no violation,55116911
5,Something,Took action,55118232
50,No action,Found no violation,55118233
42,Something,Took action,54800032
33,No action,Action not necessary,54755238
66,Something,Report,54755242
109,Summons,Summons,54756501
33,No action,Action not necessary,54757671
33,No action,Found no violation,54760226
33,No action,Action not necessary,54760227
115,No action,Found no violation,54760233
78,No action,Action not necessary,55119476
33,No action,Found no violation,54762743
70,Something,Report,54762748
33,No action,Action not necessary,54764002
33,Summons,Summons,54764003
109,Something,Took action,54764007
70,Something,Report,54764008
42,Something,Took action,54765161
73,No action,Action not necessary,54765162
114,Something,Took action,54766382
50,Summons,Summons,54766383
114,No action,Action not necessary,54767556
50,No action,Found no violation,54767559
79,No action,Found no violation,54768754
104,No action,Found no violation,54768755
106,No action,Gone,54768758
62,No action,Jurisdiction,54769871
47,No action,Jurisdiction,54769872
75,No action,Jurisdiction,54769873
49,Something,Took action,54769874
115,No action,Action not necessary,54771042
52,No action,Found no violation,54771043
50,No action,Action not necessary,54771044
123,Summons,Summons,54771045
77,No action,Gone,55126928
84,No action,Found no violation,55126929
106,Something,Took action,55126930
48,Something,Took action,54772247
109,Something,Took action,54772248
84,No action,Found no violation,54772249
34,No action,Jurisdiction,54772250
49,No action,Gone,54772251
68,Summons,Summons,54772252
102,No action,Action not necessary,54773414
45,No action,Gone,54773416
105,Summons,Summons,54773417
23,No action,Jurisdiction,55133578
84,No action,Found no violation,55133579
62,Something,Took action,55133582
50,No action,Action not necessary,55133583
123,No action,Found no violation,55134675
120,No action,Found no violation,55134676
77,Something,Took action,55134677
50,No action,Gone,55134679
109,No action,Action not necessary,54784827
114,No action,Gone,55128026
88,Something,Took action,55128027
90,No action,Found no violation,55128028
84,Something,Took action,55128029
105,Something,Took action,55128030
43,No action,Found no violation,55128031
106,Something,Took action,55128032
43,No action,Found no violation,55129154
50,No action,Found no violation,55130259
43,Summons,Summons,55130260
34,No action,Provided information,55130262
75,No action,Action not necessary,55131363
62,Something,Took action,55131364
84,No action,Provided information,55131366
43,No action,Found no violation,55131368
43,No action,Found no violation,55131369
43,No action,Found no violation,55131370
50,No action,Action not necessary,55132455
102,Something,Took action,54798785
108,Summons,Summons,54820550
105,Something,Took action,54820551
111,Something,Took action,54820552
112,No action,Found no violation,54765163
113,No action,Jurisdiction,54768756
49,Something,Took action,54768757
47,Something,Took action,54769875
44,No action,Found no violation,54769876
50,No action,Found no violation,54771041
60,No action,Gone,54775986
13,No action,Action not necessary,54775987
45,No action,Action not necessary,54777230
50,No action,Found no violation,54777231
105,No action,Jurisdiction,54778515
47,Summons,Summons,54779736
48,Something,Took action,54779737
104,Something,Took action,54779738
88,No action,Gone,54779740
101,No action,Jurisdiction,54781024
50,No action,Found no violation,54781026
69,Something,Took action,54781029
50,No action,Gone,54781030
62,Something,Took action,54781032
34,No action,Action not necessary,54782311
114,Something,Took action,54782312
108,Something,Took action,54782313
121,Something,Took action,54783597
114,Something,Took action,54783598
79,No action,Found no violation,54783599
106,No action,Found no violation,54783601
114,No action,Gone,54783602
47,Something,Took action,54789929
110,No action,Gone,54792409
52,Something,Took action,54792413
102,Something,Took action,54796253
104,No action,Gone,54796254
47,No action,Gone,54797549
102,No action,Found no violation,55128033
84,No action,Found no violation,55131362
79,No action,Found no violation,55131367
66,No action,Provided information,55132456
115,No action,Jurisdiction,55133581
109,No action,Action not necessary,55134680
113,No action,Found no violation,55135807
120,Summons,Summons,55142828
47,No action,Jurisdiction,55142830
106,No action,Provided information,55142831
101,Something,Took action,55142832
50,Summons,Summons,54810906
114,Something,Took action,55143983
49,No action,Gone,55143984
90,No action,Action not necessary,55143985
104,No action,Provided information,55143986
45,Something,Took action,55143987
106,No action,Found no violation,54815688
49,No action,Action not necessary,54819377
47,Summons,Summons,54819378
50,No action,Found no violation,54819380
49,No action,Found no violation,55136989
23,No action,Found no violation,55136990
109,Something,Took action,55138124
103,No action,Action not necessary,55138125
106,Something,Took action,55138126
24,Something,Took action,55138127
114,No action,Action not necessary,55139322
40,Something,Took action,55139323
43,No action,Found no violation,55139324
78,Something,Took action,55140536
34,No action,Found no violation,55140537
34,No action,Found no violation,55140538
50,No action,Found no violation,55140539
43,No action,Action not necessary,55140540
77,Something,Took action,55140541
108,Something,Took action,55141683
114,Something,Took action,55141684
41,No action,Gone,55141685
28,Summons,Summons,55141686
109,Something,Took action,55141687
43,Something,Took action,55157844
102,Something,Took action,54766381
45,No action,Action not necessary,54774703
47,No action,Action not necessary,54774704
45,No action,Action not necessary,54779739
84,No action,Found no violation,54781028
102,No action,Jurisdiction,54784829
84,No action,Action not necessary,54784830
94,No action,Action not necessary,54786117
19,Something,Took action,54786118
84,No action,Gone,54787396
103,No action,Action not necessary,54787397
108,Something,Took action,54787399
108,Something,Took action,54787400
62,Something,Took action,54788657
109,No action,Action not necessary,54789926
70,Summons,Summons,54789928
50,Something,Took action,54789930
71,No action,Gone,54789931
104,No action,Gone,54791189
71,Something,Took action,54791190
69,No action,Action not necessary,54791191
105,No action,Found no violation,54791192
40,No action,Found no violation,54791193
49,No action,Action not necessary,54791194
73,Something,Took action,54791195
102,No action,Action not necessary,54792410
60,No action,Action not necessary,54792411
94,No action,Action not necessary,54792412
70,No action,Gone,54792414
40,Summons,Summons,54792415
50,No action,Provided information,54793707
40,No action,Found no violation,54793708
45,No action,Action not necessary,54793709
88,No action,Contact Info,54794985
40,No action,Action not necessary,54794986
44,Something,Took action,54794987
75,No action,Gone,54794988
50,No action,Found no violation,54796249
107,No action,Action not necessary,54796250
69,No action,Action not necessary,54796251
102,Something,Took action,54797550
120,No action,Found no violation,54797551
111,Something,Took action,54797552
109,Something,Took action,54797553
112,No action,Found no violation,54797554
49,Something,Took action,54797555
115,Summons,Summons,54797556
75,No action,Action not necessary,54798786
107,Something,Took action,54798787
49,Summons,Summons,54800026
34,Something,Took action,54800027
34,No action,Found no violation,54800028
75,No action,Action not necessary,54800029
115,Something,Report,54800030
104,Something,Took action,54800031
109,No action,Action not necessary,54800033
109,No action,Action not necessary,54800034
79,No action,Found no violation,54801304
32,Summons,Summons,54801305
50,No action,Found no violation,54801307
102,Something,Took action,54801308
114,Summons,Summons,54801309
104,No action,Action not necessary,54802645
43,Something,Took action,54802646
81,No action,Found no violation,54802647
46,No action,Found no violation,54802649
105,Something,Took action,54802650
114,Summons,Summons,54802652
73,Something,Took action,54804000
61,Something,Took action,54804001
46,No action,Found no violation,54804002
63,Something,Took action,54805210
81,No action,Action not necessary,54805211
47,Something,Took action,54805208
49,No action,Action not necessary,54806329
114,No action,Action not necessary,54806330
49,Summons,Summons,54806331
79,Summons,Summons,54806332
70,No action,Found no violation,54807459
49,No action,Found no violation,54807460
46,No action,Found no violation,54807461
63,Something,Took action,54807463
47,No action,Gone,54808636
43,Something,Took action,54808637
50,No action,Gone,54808638
104,No action,Provided information,54808635
104,No action,Action not necessary,54808639
34,No action,Found no violation,54808640
76,No action,Action not necessary,54809737
109,Something,Took action,54810903
121,Something,Took action,54810904
121,No action,Found no violation,54810905
78,No action,Gone,54810907
49,No action,Action not necessary,54812015
79,No action,Action not necessary,54812016
88,No action,Found no violation,54812018
115,No action,Provided information,54813150
102,Something,Took action,54813151
69,Something,Took action,54813152
121,No action,Provided information,54813153
72,No action,Provided information,54813154
104,No action,Gone,54815686
109,No action,Found no violation,54815687
71,No action,Found no violation,54816914
112,Something,Took action,54824471
48,,,54824472
106,No action,Found no violation,54828824
106,No action,Gone,54834785
66,Something,Took action,55138128
50,No action,Gone,55139325
45,No action,Action not necessary,54836179
104,No action,Action not necessary,54841709
43,No action,Found no violation,54836175
46,No action,Found no violation,54836180
77,No action,Found no violation,55145160
50,No action,Gone,55145161
10,No action,Action not necessary,55145162
49,No action,Provided information,55145163
104,Something,Took action,54838934
69,Something,Took action,54841703
102,Something,Took action,54843049
100,Something,Took action,54837546
103,Something,Took action,54836177
75,No action,Action not necessary,54837547
120,Something,Took action,54836178
70,Something,Took action,54844429
84,No action,Gone,54844431
34,Something,Took action,55146301
75,No action,Action not necessary,55146302
75,No action,Action not necessary,55146303
108,No action,Action not necessary,55146304
32,Summons,Summons,54844427
100,No action,Action not necessary,55148647
43,No action,Action not necessary,55148648
70,No action,Action not necessary,55148651
78,No action,Jurisdiction,55147476
69,Something,Took action,55147477
114,Something,Took action,55147478
104,No action,Found no violation,55147479
45,No action,Action not necessary,55147480
34,Summons,Summons,55147481
34,No action,Found no violation,55147482
105,No action,Found no violation,55149829
66,Something,Took action,55149830
109,No action,Provided information,55149831
30,No action,Gone,55150971
104,No action,Gone,55150972
73,Something,Took action,55153325
49,No action,Provided information,55153326
79,No action,Action not necessary,55153327
73,No action,Found no violation,55153328
34,No action,Found no violation,55153329
106,Something,Took action,55153330
33,Summons,Summons,55152157
73,No action,Action not necessary,55152158
115,No action,Provided information,55145159
105,No action,Gone,55148650
66,No action,Action not necessary,55148652
114,Something,Took action,55154486
41,No action,Found no violation,55154487
68,Something,Took action,55154488
50,No action,Gone,55155616
115,No action,Action not necessary,55155617
68,Something,Took action,55155618
90,No action,Action not necessary,55158953
52,Something,Took action,55158954
9,No action,Found no violation,55158955
88,Something,Took action,55158956
104,Something,Took action,55158957
24,Summons,Summons,55160043
123,Something,Took action,55160044
52,Something,Took action,55156762
33,No action,Found no violation,55156763
106,No action,Found no violation,55156765
24,Summons,Summons,55156766
79,No action,Action not necessary,55157842
122,Something,Took action,55157843
45,No action,Action not necessary,55161099
66,No action,Jurisdiction,55161100
120,Something,Took action,55162185
106,No action,Action not necessary,55494843
45,No action,Action not necessary,55163165
63,Something,Took action,55163166
120,Summons,Summons,55163168
115,Something,Took action,55171772
46,Something,Took action,55171773
63,Something,Took action,55171774
113,No action,Provided information,55171775
115,No action,Provided information,55213755
105,Summons,Summons,55180548
113,Something,Took action,55180549
104,Something,Took action,55184145
34,Summons,Summons,55184146
34,Summons,Summons,55184147
47,Something,Took action,54850685
47,No action,Found no violation,54846961
47,Something,Took action,54854456
83,Summons,Summons,54862041
50,Something,Took action,54807462
47,Something,Took action,54807464
46,No action,Provided information,54812017
9,No action,Provided information,54815684
61,Summons,Summons,54816911
104,No action,Gone,54816912
79,No action,Found no violation,54816913
50,No action,Action not necessary,54818139
114,Something,Took action,54818140
103,No action,Action not necessary,54818141
63,Something,Took action,54818142
102,Summons,Summons,54818143
9,No action,Provided information,54819376
48,Summons,Summons,54821797
30,Something,Took action,54821798
50,No action,Gone,54821799
81,No action,Found no violation,54821800
50,No action,Found no violation,54823044
115,No action,Gone,54823045
102,Something,Took action,54825966
49,Summons,Summons,54846959
44,Something,Took action,54850682
50,Something,Took action,54851932
68,No action,Action not necessary,54873739
61,No action,Found no violation,54874868
44,Something,Took action,54825963
44,Something,Took action,54825964
40,Something,Took action,54825965
76,Something,Took action,54825967
115,No action,Gone,54825968
46,No action,Found no violation,54825969
107,No action,Gone,54827378
72,Something,Took action,54827379
34,Something,Took action,54824470
113,No action,Found no violation,54828817
108,Summons,Summons,54828818
63,Something,Took action,54828819
34,No action,Found no violation,54828820
52,Something,Took action,54828821
50,No action,Action not necessary,54828822
52,Something,Took action,54830346
71,Summons,Summons,54830347
62,Something,Took action,54830348
78,No action,Found no violation,54830349
6,Something,Took action,54830350
105,Something,Took action,54830351
106,No action,Gone,54831853
103,No action,Found no violation,54831854
109,No action,Found no violation,54831855
72,No action,Gone,54833314
62,Something,Took action,54833316
103,Something,Took action,54833317
50,Summons,Summons,54834781
111,No action,Gone,54834782
104,Something,Took action,54834783
103,Something,Took action,54834784
19,No action,Action not necessary,54836176
102,Something,Took action,54837545
30,No action,Found no violation,54837548
43,No action,Gone,54838933
77,Something,Took action,54840340
88,No action,Gone,54841704
49,Summons,Summons,54841705
32,No action,Found no violation,54841707
49,Summons,Summons,54841708
45,Summons,Summons,54841710
73,Summons,Summons,54843048
14,Summons,Summons,54843050
46,No action,Found no violation,54844428
115,Summons,Summons,54844430
40,No action,Gone,54845746
105,Something,Took action,54845747
45,No action,Gone,54845748
109,Something,Took action,54855789
102,No action,Action not necessary,54855790
114,No action,Gone,54871455
40,No action,Found no violation,54871458
104,No action,Action not necessary,54874872
102,Something,Took action,54877280
106,No action,Gone,54876074
113,No action,Gone,54881999
32,No action,Found no violation,54885567
46,No action,Found no violation,54836181
46,No action,Action not necessary,54837549
33,Something,Took action,54838935
52,No action,Action not necessary,54840341
102,No action,Found no violation,54841706
105,No action,Action not necessary,54846960
52,Summons,Summons,54846962
50,No action,Action not necessary,54848201
67,No action,Found no violation,54848202
50,No action,Action not necessary,54848203
79,No action,Found no violation,54848204
110,No action,Found no violation,54849480
73,Something,Took action,54849481
50,No action,Action not necessary,54849482
105,Something,Took action,54850683
79,No action,Found no violation,54850684
62,No action,Gone,54851933
120,Something,Took action,54851934
113,No action,Found no violation,54853208
66,No action,Action not necessary,54853209
46,No action,Action not necessary,54853210
30,Something,Took action,54854455
101,No action,Jurisdiction,54854457
122,No action,Found no violation,54855788
114,Something,Took action,54857077
45,Something,Took action,54857078
50,No action,Action not necessary,54857079
81,Something,Took action,54857080
78,No action,Jurisdiction,54858243
43,No action,Action not necessary,54858244
104,No action,Gone,54858245
109,Something,Took action,54858246
84,No action,Found no violation,54859512
104,Something,Took action,54860753
23,Something,Took action,54860754
79,No action,Jurisdiction,54860755
52,No action,Gone,54860756
5,No action,Provided information,54860757
45,Something,Took action,54860758
109,Something,Took action,54862042
50,No action,Found no violation,54862043
102,No action,Action not necessary,54862044
78,No action,Jurisdiction,54863233
69,Something,Took action,54863234
103,Something,Took action,54864461
102,Summons,Summons,54864462
115,No action,Action not necessary,54864463
81,No action,Jurisdiction,54865665
5,No action,Provided information,54865666
43,No action,Jurisdiction,54866834
42,Something,Took action,54867981
84,Something,Took action,54867982
122,No action,Action not necessary,54873740
102,Something,Took action,54878458
45,No action,Provided information,54886933
109,Something,Took action,54890797
75,No action,Found no violation,54890798
109,Something,Took action,54892117
67,Something,Took action,54903974
69,No action,Found no violation,54899301
63,Something,Took action,54897750
109,Something,Took action,54897753
102,Something,Took action,54896199
73,No action,Found no violation,54897749
43,Something,Took action,54896202
46,No action,Provided information,54896201
34,Summons,Summons,54899305
47,No action,Jurisdiction,54907155
34,No action,Provided information,54903973
18,No action,Action not necessary,54905599
63,No action,Jurisdiction,54909104
75,No action,Jurisdiction,54866835
115,No action,Found no violation,54867975
104,Summons,Summons,54867978
34,No action,Gone,54867979
45,No action,Jurisdiction,54867980
113,Summons,Summons,54869127
43,No action,Jurisdiction,54869130
42,No action,Provided information,54869131
41,No action,Found no violation,54869132
44,No action,Action not necessary,54870310
109,No action,Gone,54871454
73,No action,Jurisdiction,54871456
69,Summons,Summons,54872588
50,No action,Found no violation,54872589
50,Summons,Summons,54874869
102,Something,Took action,54874870
122,No action,Found no violation,54874871
105,Something,Took action,54883184
109,Something,Took action,54888210
50,Something,Took action,54889527
32,No action,Found no violation,54896198
6,No action,Gone,54896200
63,Something,Took action,54918414
106,Summons,Summons,54932406
102,Something,Took action,54932407
84,Something,Took action,54929476
18,No action,Found no violation,54928018
40,No action,Found no violation,54930908
44,No action,Gone,54867976
73,No action,Action not necessary,54867977
106,Something,Took action,54869128
107,No action,Found no violation,54869129
52,No action,Provided information,54871457
84,No action,Action not necessary,54871459
50,No action,Gone,54871460
113,Something,Took action,54877277
52,No action,Provided information,54877278
32,Summons,Summons,54877279
19,Something,Took action,54878459
50,No action,Provided information,54878461
63,Something,Took action,54878462
30,No action,Gone,54878463
24,No action,Found no violation,54879658
113,No action,Jurisdiction,54879660
45,No action,Found no violation,54879661
115,No action,Action not necessary,54879662
49,No action,Gone,54880848
44,No action,Action not necessary,54880849
7,No action,Found no violation,54880850
18,Something,Took action,54882000
33,No action,Gone,54883185
50,No action,Found no violation,54883186
40,No action,Action not necessary,54884278
112,Something,Took action,54884280
68,Something,Took action,54897748
102,No action,Action not necessary,54897752
62,No action,Jurisdiction,54905598
106,No action,Provided information,54905600
72,No action,Gone,54929474
63,No action,Action not necessary,54929475
83,Summons,Summons,54939366
45,No action,Gone,54878464
113,Something,Took action,54879659
115,No action,Found no violation,54884279
50,Something,Took action,54884281
45,No action,Provided information,54885568
45,No action,Found no violation,54885569
40,Summons,Summons,54888208
75,Something,Took action,54888209
103,No action,Gone,54893465
102,No action,Action not necessary,54894771
84,Something,Took action,54897751
7,Summons,Summons,54889528
79,No action,Jurisdiction,54890799
115,Something,Took action,54890800
103,Something,Report,54890801
43,No action,Action not necessary,54909100
122,Summons,Summons,54920213
115,Something,Took action,54929471
106,No action,Jurisdiction,54929472
50,No action,Found no violation,54933844
49,Something,Took action,54936626
52,No action,Found no violation,54937965
104,No action,Provided information,54937966
48,No action,Found no violation,54940741
109,Something,Took action,54946153
115,No action,Found no violation,54948721
67,No action,Found no violation,54948722
121,Something,Took action,54947390
32,Something,Took action,54951168
120,No action,Found no violation,54950014
43,No action,Found no violation,54953619
120,Something,Took action,54889529
84,No action,Action not necessary,54893466
32,Something,Took action,54894772
121,Something,Took action,54899303
50,No action,Action not necessary,54899304
34,Something,Took action,54899306
42,Something,Took action,54900936
79,No action,Contact Info,54900938
122,No action,Action not necessary,54900939
111,No action,Action not necessary,54900940
49,No action,Action not necessary,54902417
52,No action,Gone,54902418
79,No action,Jurisdiction,54903975
120,No action,Found no violation,54905597
84,Something,Took action,54907154
102,Something,Took action,54907157
72,Something,Took action,54907158
46,No action,Provided information,54907159
110,No action,Found no violation,54909105
78,Something,Took action,54911040
49,No action,Found no violation,54914751
102,Something,Took action,54933840
40,Something,Took action,54944873
111,Something,Took action,54960567
111,Something,Took action,54959152
63,Something,Took action,54916645
60,No action,Gone,54916646
70,No action,Action not necessary,54916647
70,No action,Found no violation,54916648
52,No action,Gone,54916649
110,No action,Gone,54918411
18,No action,Found no violation,54918412
32,Something,Took action,54918413
72,No action,Gone,54920212
75,No action,Jurisdiction,54922075
50,No action,Provided information,54922076
113,Something,Took action,54922077
40,Something,Took action,54922078
113,No action,Jurisdiction,54903972
106,Something,Took action,54907153
46,No action,Found no violation,54907156
50,Something,Took action,54909101
72,Something,Took action,54909103
106,No action,Action not necessary,54911037
49,Something,Took action,54911038
78,Something,Took action,54911039
79,No action,Contact Info,54911041
52,Something,Took action,54911042
50,No action,Gone,54912883
63,Something,Took action,54912884
63,Something,Took action,54914749
112,Something,Took action,54914750
49,Something,Took action,54914753
42,Summons,Summons,54914754
78,No action,Jurisdiction,54914755
34,Summons,Summons,54969407
44,No action,Found no violation,54909102
72,No action,Action not necessary,54920211
46,No action,Found no violation,54923650
48,Summons,Summons,54923651
113,Something,Took action,54925137
52,No action,Action not necessary,54925139
106,Something,Took action,54925140
49,No action,Gone,54926589
46,No action,Found no violation,54926590
63,No action,Gone,54926591
52,Summons,Summons,54926592
120,No action,Gone,54928015
108,Summons,Summons,54928016
66,No action,Action not necessary,54928019
90,No action,Action not necessary,54928020
44,No action,Found no violation,54929470
52,Summons,Summons,54929473
84,No action,Found no violation,54929477
72,No action,Gone,54930906
52,Summons,Summons,54930907
42,No action,Found no violation,54930909
49,No action,Found no violation,54930910
67,No action,Found no violation,54930911
104,No action,Found no violation,54932401
63,Something,Took action,54932402
32,Summons,Summons,54932403
67,No action,Found no violation,54932404
75,Something,Took action,54932405
100,No action,Action not necessary,54933839
84,Something,Took action,54933842
79,No action,Contact Info,54933843
28,No action,Gone,54933845
28,No action,Action not necessary,54933846
34,No action,Found no violation,54933847
102,No action,Action not necessary,54944872
46,No action,Provided information,54944874
83,No action,Gone,54950015
40,Something,Took action,54952424
42,No action,Provided information,54952425
42,Something,Took action,54953622
122,Something,Took action,54956362
88,No action,Action not necessary,54972749
105,Something,Took action,54923652
111,No action,Action not necessary,54925141
102,Something,Took action,54928014
102,Something,Took action,54933841
50,No action,Provided information,54935234
102,No action,Action not necessary,54935235
104,No action,Provided information,54936625
18,Something,Took action,54937967
23,No action,Action not necessary,54939367
40,No action,Action not necessary,54939368
79,No action,Found no violation,54939369
41,Something,Took action,54939370
75,No action,Action not necessary,54939371
67,Something,Took action,54940737
88,No action,Action not necessary,54940738
43,Something,Took action,54940739
102,No action,Action not necessary,54940740
79,No action,Jurisdiction,54942130
24,No action,Action not necessary,54943476
90,No action,Provided information,54943477
106,Something,Took action,54943478
52,No action,Action not necessary,54947394
103,No action,Action not necessary,54959153
66,Summons,Summons,55162186
67,No action,Found no violation,55163167
84,No action,Found no violation,55164125
88,No action,Jurisdiction,55164126
104,No action,Found no violation,55164128
66,No action,Provided information,55165091
32,Summons,Summons,55165093
121,Something,Took action,55165095
69,Something,Took action,55166087
50,No action,Action not necessary,55166088
46,No action,Provided information,55166089
105,No action,Found no violation,55169080
50,No action,Found no violation,55169081
83,No action,Action not necessary,55169082
78,Something,Took action,55194711
50,No action,Found no violation,55499381
107,Summons,Summons,55163169
60,No action,Found no violation,55163170
107,No action,Action not necessary,55164127
106,No action,Found no violation,55165090
123,No action,Action not necessary,55165092
120,Something,Took action,55165094
110,Something,Took action,55165096
114,Something,Took action,55166086
32,Something,Took action,55168062
110,Something,Took action,55169083
1,No action,Found no violation,55173515
102,Summons,Summons,55173517
46,No action,Found no violation,55173518
120,Something,Took action,55175276
45,No action,Found no violation,55175277
19,Something,Took action,55177050
26,Summons,Summons,55177051
104,Summons,Summons,55177052
120,No action,Found no violation,55180550
102,No action,Found no violation,55182386
88,No action,Provided information,55182387
46,No action,Found no violation,55185350
102,No action,Action not necessary,55185351
33,No action,Action not necessary,55185352
109,Something,Took action,55185353
75,No action,Found no violation,55185354
103,Something,Took action,55186513
79,No action,Found no violation,55186514
24,No action,Action not necessary,55186515
103,No action,Found no violation,55186516
71,No action,Found no violation,55186517
94,No action,Action not necessary,55187684
110,Something,Took action,55187685
108,No action,Found no violation,55187686
113,No action,Action not necessary,55187687
32,No action,Found no violation,55187688
78,No action,Action not necessary,55187689
23,No action,Found no violation,55187690
90,No action,Action not necessary,55188830
40,No action,Action not necessary,55191162
88,No action,Jurisdiction,55192361
45,No action,Action not necessary,55192362
104,No action,Gone,55193548
1,Something,Took action,55193549
115,No action,Jurisdiction,55403672
113,Something,Took action,55403675
50,No action,Found no violation,55405225
73,Something,Took action,55408247
71,Something,Took action,55409863
42,Something,Took action,55414549
44,Something,Took action,55414550
50,Something,Took action,55414551
10,Something,Took action,55416175
46,No action,Found no violation,55416176
50,Something,Took action,55416177
108,Something,Took action,55416178
34,No action,Found no violation,55416179
112,No action,Action not necessary,55417701
34,Something,Took action,55417702
46,No action,Found no violation,55417703
67,No action,Action not necessary,55417704
34,No action,Action not necessary,55419275
103,No action,Found no violation,55419276
109,Something,Took action,55419277
107,No action,Gone,55419278
103,No action,Found no violation,55419279
1,No action,Gone,55419280
45,No action,Gone,55420866
106,Something,Took action,55420867
102,No action,Jurisdiction,55420868
18,No action,Found no violation,55420869
73,Summons,Summons,55422435
44,No action,Found no violation,55422436
108,No action,Gone,55424093
84,Something,Took action,55424094
63,Something,Took action,55424095
48,No action,Found no violation,55424096
90,Summons,Summons,55424097
90,No action,Action not necessary,55424098
49,No action,Jurisdiction,55425701
61,No action,Gone,55425702
84,No action,Action not necessary,55427311
107,No action,Found no violation,55427312
68,No action,Action not necessary,55427313
67,Summons,Summons,55428810
109,No action,Jurisdiction,55428811
68,No action,Found no violation,55428813
47,No action,Found no violation,55428814
104,Something,Took action,55428815
47,No action,Provided information,55428816
48,No action,Found no violation,55428817
84,No action,Found no violation,55428818
106,No action,Jurisdiction,55430413
46,No action,Provided information,55430414
114,No action,Gone,55430415
71,Something,Took action,55433539
50,Something,Took action,55433540
48,Summons,Summons,55433542
46,Summons,Summons,55433543
104,Summons,Summons,55435073
40,Something,Took action,55435074
28,No action,Provided information,55435075
103,No action,Action not necessary,55435076
44,No action,Action not necessary,55435077
50,No action,Found no violation,55436687
30,No action,Found no violation,55436688
104,Something,Took action,55436689
105,Something,Took action,55436690
67,Something,Took action,55436691
63,Something,Took action,55436692
60,Something,Took action,55438283
52,Summons,Summons,55438284
104,Summons,Summons,55438285
83,Something,Took action,55438286
120,Something,Took action,55438287
107,No action,Gone,55439846
50,No action,Found no violation,55439847
109,Summons,Summons,55439849
70,No action,Action not necessary,55439850
50,No action,Found no violation,55439851
90,No action,Gone,55439852
78,Summons,Summons,55441414
109,Something,Took action,55441415
90,No action,Provided information,55441416
90,No action,Found no violation,55442948
50,Summons,Summons,55442949
49,Something,Took action,55442950
50,No action,Jurisdiction,55442951
49,No action,Action not necessary,55442952
84,No action,Gone,55444475
84,Summons,Summons,55444476
75,No action,Action not necessary,55444477
6,No action,Action not necessary,55444478
61,No action,Gone,55444479
71,No action,Found no violation,55444480
49,Something,Took action,55445984
84,Summons,Summons,55447464
108,Summons,Summons,55447465
110,No action,Action not necessary,55447466
10,No action,Action not necessary,55447467
114,Something,Took action,55447468
102,Summons,Summons,55448994
102,No action,Gone,55448995
30,No action,Gone,55450500
50,No action,Found no violation,55451490
50,No action,Gone,55451491
79,No action,Action not necessary,55451492
102,No action,Action not necessary,55451493
71,No action,Found no violation,55452550
44,No action,Found no violation,55452551
107,Summons,Summons,55452552
1,Summons,Summons,55185348
46,No action,Found no violation,55185349
62,No action,Action not necessary,55453620
104,No action,Provided information,55453621
50,No action,Found no violation,55453622
14,No action,Action not necessary,55454677
110,No action,Provided information,55454678
108,No action,Found no violation,55454679
114,No action,Gone,55191161
24,No action,Action not necessary,55455676
105,No action,Found no violation,55455677
75,No action,Gone,55456680
108,No action,Action not necessary,55456681
79,No action,Found no violation,55456682
50,No action,Gone,55456683
45,No action,Provided information,55456684
50,No action,Gone,55195880
109,No action,Jurisdiction,55195881
24,Something,Took action,55197017
49,Something,Took action,55197018
24,No action,Found no violation,55197019
78,Something,Took action,55197021
40,No action,Found no violation,55457697
110,No action,Found no violation,55457699
43,No action,Provided information,55198152
34,No action,Provided information,55198153
52,No action,Action not necessary,55198154
121,No action,Gone,55198156
49,No action,Provided information,55199329
43,Summons,Summons,55199331
109,Something,Took action,55458701
104,Something,Took action,55458702
44,Summons,Summons,55458703
47,No action,Gone,55458704
24,No action,Found no violation,55200499
109,No action,Action not necessary,55200500
75,Something,Took action,55459898
90,Something,Took action,55459899
47,Something,Took action,55459900
104,No action,Action not necessary,55459901
79,Something,Took action,55459902
102,No action,Provided information,55459903
109,Something,Took action,55201652
14,Summons,Summons,55201653
62,Something,Took action,55202810
109,Something,Took action,55202811
103,No action,Action not necessary,55202812
78,Something,Took action,55202813
40,Summons,Summons,55461150
111,No action,Gone,55461151
24,Something,Took action,55461152
104,No action,Gone,55461153
103,No action,Found no violation,55462410
32,Summons,Summons,55462411
63,No action,Action not necessary,55463705
113,No action,Gone,55464983
43,No action,Found no violation,55464984
46,No action,Provided information,55466195
40,Summons,Summons,55466196
45,Summons,Summons,55466197
72,No action,Action not necessary,55466198
43,No action,Found no violation,55466199
120,Something,Took action,55466200
47,No action,Gone,55467495
45,Something,Took action,55467496
72,No action,Action not necessary,55467497
102,Summons,Summons,55467498
63,Something,Took action,55467499
70,No action,Jurisdiction,55467500
109,Something,Took action,55468746
88,No action,Action not necessary,55468747
62,Something,Took action,55468748
50,Summons,Summons,55468749
113,No action,Found no violation,55506278
105,Something,Took action,55194712
46,Something,Took action,55195879
109,Summons,Summons,55197020
109,No action,Action not necessary,55200501
48,No action,Found no violation,55200502
45,No action,Action not necessary,55463706
110,No action,Gone,55204045
103,No action,Found no violation,55204046
105,No action,Action not necessary,55204047
104,Something,Took action,55204048
69,No action,Action not necessary,55204049
115,No action,Gone,55204051
14,No action,Action not necessary,55204052
113,No action,Jurisdiction,55204053
50,No action,Found no violation,55464985
46,No action,Found no violation,55205294
114,Something,Took action,55205295
105,Something,Took action,55466194
104,No action,Provided information,55466201
50,No action,Gone,55207611
43,No action,Found no violation,55207612
47,No action,Jurisdiction,55207614
1,Something,Took action,55207615
102,Something,Took action,55208829
75,No action,Found no violation,55208830
113,Summons,Summons,55208831
34,No action,Provided information,55208832
34,Summons,Summons,55208833
66,No action,Found no violation,55210137
52,No action,Action not necessary,55470095
52,Something,Took action,55470096
84,No action,Gone,55470097
84,No action,Gone,55470098
43,No action,Action not necessary,55470099
102,No action,Action not necessary,55211333
75,Something,Took action,55211334
50,No action,Found no violation,55211335
102,Something,Took action,55211336
45,Something,Took action,55211337
45,Summons,Summons,55211338
104,No action,Gone,55211339
62,Something,Took action,55211340
63,Something,Took action,55212589
32,Something,Took action,55471385
72,Something,Took action,55471386
110,No action,Found no violation,55471387
70,Something,Took action,55471388
115,Summons,Summons,55472719
70,No action,Found no violation,55472720
113,No action,Jurisdiction,55472721
46,No action,Provided information,55472722
34,No action,Action not necessary,55474046
19,No action,Gone,55474047
43,No action,Found no violation,55474048
62,Something,Took action,55474049
19,No action,Found no violation,55475295
115,Something,Took action,55475296
123,No action,Found no violation,55475300
76,No action,Action not necessary,55475301
109,Something,Took action,55476601
71,Something,Took action,55476602
47,No action,Jurisdiction,55476603
46,No action,Provided information,55476604
76,No action,Action not necessary,55477911
20,No action,Found no violation,55477912
103,No action,Found no violation,55477913
76,No action,Action not necessary,55477914
79,No action,Gone,55479220
107,No action,Gone,55479221
104,Something,Took action,55479222
47,No action,Provided information,55479224
71,Something,Took action,55479226
63,Something,Took action,55517959
50,No action,Gone,55472723
44,No action,Found no violation,55475297
104,No action,Found no violation,55475298
104,Something,Took action,55475299
50,No action,Gone,55476605
105,No action,Found no violation,55207613
50,No action,Action not necessary,55479219
114,No action,Jurisdiction,55210136
104,No action,Found no violation,55210139
109,No action,Provided information,55480441
71,Something,Took action,55480442
43,No action,Found no violation,55480443
106,No action,Jurisdiction,55480444
40,No action,Gone,55480445
50,No action,Found no violation,55480446
50,Something,Took action,55480447
34,No action,Found no violation,55212588
113,No action,Found no violation,55212590
112,Something,Took action,55481673
34,No action,Provided information,55213756
88,No action,Action not necessary,55213757
45,No action,Provided information,55214892
104,Something,Took action,55214894
115,No action,Found no violation,55214895
120,Something,Took action,55214896
67,No action,Action not necessary,55482938
104,Summons,Summons,55482939
50,No action,Action not necessary,55482940
108,No action,Action not necessary,55216034
115,Something,Took action,55217123
62,Something,Took action,55217124
88,No action,Action not necessary,55217125
46,No action,Found no violation,55484195
46,No action,Provided information,55484196
107,No action,Action not necessary,55484197
70,No action,Action not necessary,55218210
115,No action,Action not necessary,55218211
115,No action,Action not necessary,55218212
88,No action,Action not necessary,55218214
32,Something,Took action,55219302
83,No action,Action not necessary,55219304
24,No action,Found no violation,55219305
50,No action,Found no violation,55485425
104,Summons,Summons,55485426
77,Something,Took action,55220499
32,No action,Action not necessary,55221595
63,No action,Action not necessary,55221596
40,Something,Took action,55221597
103,No action,Provided information,55221598
102,Summons,Summons,55486660
47,No action,Gone,55486661
123,No action,Action not necessary,55486662
46,No action,Found no violation,55486663
109,Something,Took action,55487914
49,Something,Took action,55487915
104,Something,Took action,55487916
103,No action,Action not necessary,55487917
61,Something,Took action,55487918
43,No action,Found no violation,55489211
49,No action,Action not necessary,55489212
45,Summons,Summons,55489213
107,No action,Action not necessary,55489214
107,No action,Found no violation,55489215
104,Summons,Summons,55489216
28,No action,Found no violation,55489217
102,No action,Action not necessary,55489218
52,Summons,Summons,55490384
88,Something,Took action,55490385
84,No action,Gone,55490386
50,No action,Found no violation,55490387
50,No action,Found no violation,55490388
52,No action,Action not necessary,55491487
50,No action,Found no violation,55491488
106,Something,Took action,55492616
109,Something,Took action,55492617
46,No action,Provided information,55492618
50,No action,Found no violation,55493728
33,No action,Action not necessary,55493729
52,No action,Found no violation,55493730
84,No action,Action not necessary,55493731
76,Something,Took action,55493732
50,No action,Found no violation,55493733
52,No action,Found no violation,55494842
45,Something,Took action,55494844
90,Something,Took action,55494845
45,Something,Took action,55495960
47,No action,Jurisdiction,55495961
46,No action,Provided information,55495962
107,No action,Provided information,55495963
84,No action,Action not necessary,55495964
28,No action,Provided information,55495965
52,No action,Found no violation,55495966
50,No action,Found no violation,55495967
104,No action,Gone,55495968
72,No action,Found no violation,55498211
49,Summons,Summons,55498212
103,Something,Took action,55499379
30,Something,Took action,55499380
67,No action,Gone,55499382
71,Something,Took action,55499383
45,No action,Jurisdiction,55500521
30,Something,Took action,55500522
33,Summons,Summons,55500523
30,No action,Provided information,55500524
44,No action,Found no violation,55500525
40,No action,Action not necessary,55501687
88,No action,Found no violation,55502775
114,Something,Took action,55502776
106,Something,Took action,55503932
50,No action,Gone,55505109
104,Something,Took action,55505110
50,No action,Gone,55505111
111,No action,Gone,55506275
102,No action,Action not necessary,55506276
112,No action,Action not necessary,55506277
50,Summons,Summons,55506279
94,Summons,Summons,55506280
50,No action,Found no violation,55506281
40,No action,Action not necessary,55506282
50,No action,Action not necessary,55507430
103,No action,Found no violation,55507431
88,No action,Action not necessary,55507432
104,Summons,Summons,55507433
79,No action,Action not necessary,55508629
104,Something,Took action,55508630
60,Something,Took action,55508631
102,Something,Took action,55509784
66,Summons,Summons,55509785
18,No action,Found no violation,55510959
63,Something,Took action,55510962
60,Something,Took action,55512109
50,No action,Action not necessary,55512110
84,Summons,Summons,55512111
25,Something,Took action,55512112
113,Summons,Summons,55512113
43,No action,Found no violation,55513342
24,No action,Found no violation,55513345
79,Something,Took action,55514533
66,Summons,Summons,55514534
83,No action,Contact Info,55514535
71,No action,Action not necessary,55514536
102,No action,Jurisdiction,55514537
66,Something,Took action,55514538
79,No action,Gone,55514539
66,Summons,Summons,55514540
50,No action,Gone,55515697
105,Something,Took action,55515698
50,Something,Took action,55515699
102,No action,Found no violation,55515700
114,Something,Took action,55516880
103,Something,Took action,55516881
63,Something,Took action,55517958
46,No action,Found no violation,55517960
50,No action,Action not necessary,55518968
107,No action,Provided information,55518969
63,Something,Took action,55518970
102,Summons,Summons,55518971
104,Something,Took action,55518972
13,No action,Action not necessary,55520034
45,No action,Action not necessary,55520035
106,No action,Found no violation,55520036
45,No action,Action not necessary,55520037
50,No action,Found no violation,55521106
102,No action,Found no violation,55521107
84,No action,Gone,55521108
30,No action,Action not necessary,55522209
30,No action,Action not necessary,55522210
26,No action,Provided information,55522211
45,No action,Provided information,55523264
104,No action,Found no violation,55523265
109,Something,Took action,55523266
50,No action,Found no violation,55524329
106,Something,Took action,55524330
50,Summons,Summons,55525386
79,No action,Found no violation,55525387
52,No action,Gone,55525388
52,Summons,Summons,55526464
100,No action,Action not necessary,55528813
50,,,55530009
63,No action,Action not necessary,55527685
34,No action,Gone,55530008
50,,,55526466
50,No action,Found no violation,55526462
63,No action,Provided information,55526465
66,No action,Action not necessary,55526463
121,Something,Took action,55528814
52,Something,Took action,55534642
34,Summons,Summons,55533467
109,Something,Took action,55532309
107,Summons,Summons,55531165
75,No action,Action not necessary,55534646
108,Something,Took action,55533469
46,Something,Took action,55532310
45,Something,Took action,55534643
23,No action,Jurisdiction,55534647
40,No action,Action not necessary,55533468
109,Something,Took action,55533465
48,No action,Gone,55534644
75,No action,Action not necessary,55533470
49,No action,Action not necessary,55532308
104,No action,Action not necessary,55534641
88,No action,Gone,55533471
112,No action,Gone,55533472
45,No action,Contact Info,55532307
111,Something,Took action,55214893
49,Summons,Summons,55217122
9,No action,Action not necessary,55218209
62,No action,Action not necessary,55218215
75,No action,Found no violation,55218216
109,No action,Action not necessary,55218217
75,No action,Gone,55219306
18,No action,Action not necessary,55220500
112,Summons,Summons,55222778
114,Something,Took action,55223864
49,No action,Gone,55223866
43,No action,Found no violation,55224988
115,No action,Action not necessary,55224989
94,Something,Took action,55224990
75,No action,Action not necessary,55224991
43,No action,Action not necessary,55226119
40,Something,Took action,55226120
43,No action,Gone,55226121
103,Something,Took action,55226122
104,No action,Found no violation,55227221
43,No action,Action not necessary,55229503
49,No action,Found no violation,55229504
114,Something,Took action,55229505
115,No action,Found no violation,55230629
41,Summons,Summons,55230630
61,Summons,Summons,55230631
84,Something,Took action,55230632
106,No action,Found no violation,55230634
49,No action,Action not necessary,55228360
113,No action,Found no violation,55229506
84,No action,Action not necessary,55230628
68,Something,Took action,55230633
34,Something,Took action,55231869
106,No action,Found no violation,55231870
50,No action,Found no violation,55231872
83,No action,Provided information,55231873
109,No action,Action not necessary,55233248
104,No action,Provided information,55233249
104,Summons,Summons,55233250
50,No action,Provided information,55233251
44,Something,Took action,55233252
123,Summons,Summons,55233253
63,No action,Gone,55233254
50,No action,Gone,55235867
121,Something,Took action,55235868
50,No action,Gone,55237249
104,No action,Found no violation,55237250
67,No action,Gone,55237251
45,Something,Took action,55237252
50,No action,Found no violation,55238529
49,Something,Took action,55238530
68,No action,Action not necessary,55239808
109,Summons,Summons,55239809
45,Something,Took action,55241090
110,No action,Gone,55241091
43,No action,Action not necessary,55241092
115,No action,Found no violation,55243836
61,No action,Gone,55243837
112,No action,Action not necessary,55245294
112,No action,Found no violation,55245295
62,No action,Action not necessary,55246742
78,No action,Gone,55248184
76,No action,Action not necessary,55249586
40,No action,Found no violation,55250995
34,Something,Took action,55250996
34,No action,Gone,55252492
48,No action,Found no violation,55252493
112,No action,Found no violation,55252494
63,Something,Took action,55252495
52,Something,Took action,55252496
84,Something,Took action,55245293
84,Something,Took action,55245296
52,No action,Jurisdiction,55246740
52,No action,Jurisdiction,55246741
61,No action,Gone,55248185
88,No action,Gone,55248186
5,No action,Provided information,55250997
67,Something,Took action,55253966
34,Something,Took action,55253967
34,Something,Took action,55253968
103,No action,Action not necessary,55253970
84,Summons,Summons,55253972
120,No action,Action not necessary,55253974
34,No action,Found no violation,55253975
61,Summons,Summons,55261067
9,No action,Gone,55261069
110,No action,Action not necessary,55262573
108,Summons,Summons,55262574
49,No action,Found no violation,55262575
79,No action,Action not necessary,55264025
79,No action,Action not necessary,55264026
109,No action,Action not necessary,55264027
24,No action,Found no violation,55264029
84,No action,Found no violation,55253971
102,No action,Gone,55253973
109,Summons,Summons,55255364
106,No action,Jurisdiction,55256712
43,No action,Found no violation,55258121
121,Something,Took action,55261068
113,No action,Found no violation,55262572
43,No action,Action not necessary,55265277
34,No action,Gone,55266452
45,Something,Took action,55266454
104,No action,Found no violation,55266455
47,No action,Jurisdiction,55267650
90,Summons,Summons,55267651
63,Something,Took action,55267652
68,Summons,Summons,55268836
71,No action,Action not necessary,55268837
102,No action,Action not necessary,55268838
84,Summons,Summons,55268840
106,No action,Provided information,55270077
78,No action,Action not necessary,55270078
61,No action,Action not necessary,55270079
88,No action,Found no violation,55271330
88,Something,Took action,55271333
62,No action,Action not necessary,55271334
67,No action,Gone,55271335
106,No action,Provided information,55272540
63,No action,Found no violation,55272538
102,No action,Found no violation,55272539
63,Something,Took action,55272541
33,No action,Action not necessary,55272542
67,No action,Action not necessary,55273734
49,No action,Provided information,55273735
63,Something,Took action,55273736
67,No action,Action not necessary,55266451
63,Something,Took action,55266453
50,No action,Found no violation,55268839
104,No action,Provided information,55271331
45,Something,Report,55272543
84,Summons,Summons,55273737
75,No action,Action not necessary,55274994
103,No action,Found no violation,55274995
102,No action,Found no violation,55274996
52,No action,Gone,55274997
43,No action,Found no violation,55274998
50,Something,Took action,55276202
121,No action,Found no violation,55276203
20,No action,Gone,55276204
32,Something,Took action,55276205
18,No action,Found no violation,55277371
25,No action,Found no violation,55278545
60,Something,Took action,55278546
104,No action,Found no violation,55278547
78,No action,Action not necessary,55278548
45,Something,Took action,55279773
110,No action,Action not necessary,55279774
60,Summons,Summons,55281027
72,Something,Took action,55281028
108,No action,Provided information,55281029
84,Summons,Summons,55281030
66,Summons,Summons,55282293
50,Something,Took action,55282294
71,No action,Action not necessary,55282295
79,No action,Action not necessary,55282296
108,No action,Jurisdiction,55283497
115,Something,Took action,55281031
108,Something,Took action,55284673
44,Something,Took action,55284674
121,No action,Action not necessary,55285802
40,No action,Action not necessary,55285803
114,Something,Took action,55286944
60,Summons,Summons,55288108
112,No action,Found no violation,55288109
50,No action,Gone,55288110
81,Something,Took action,55288111
110,No action,Gone,55288112
103,No action,Gone,55289210
60,No action,Gone,55289211
63,No action,Action not necessary,55289212
46,No action,Provided information,55289214
52,No action,Found no violation,55290319
40,No action,Action not necessary,55290322
63,No action,Action not necessary,55291455
34,Something,Took action,55291457
50,No action,Gone,55292563
60,Something,Took action,55292564
109,Something,Took action,55284672
68,Something,Took action,55289213
102,Something,Took action,55289215
46,Something,Took action,55291456
49,Something,Took action,55292562
9,Summons,Summons,55293657
60,Something,Took action,55293658
63,No action,Provided information,55293659
67,No action,Found no violation,55293660
52,Something,Took action,55294741
43,No action,Action not necessary,55294742
109,No action,Action not necessary,55294743
67,No action,Found no violation,55294744
23,No action,Found no violation,55294745
104,No action,Gone,55295689
66,No action,Action not necessary,55295690
52,Something,Took action,55296775
9,No action,Action not necessary,55296776
114,No action,Gone,55296777
66,No action,Provided information,55296778
43,No action,Gone,55297851
104,No action,Found no violation,55298819
114,No action,Action not necessary,55298820
75,No action,Provided information,55298821
24,No action,Action not necessary,55299832
107,Something,Took action,55299833
52,No action,Gone,55300911
114,Summons,Summons,55300913
60,Something,Report,55300914
114,No action,Jurisdiction,55294746
121,Something,Took action,55298823
111,Something,Took action,55300912
23,No action,Action not necessary,55301956
19,Something,Took action,55301957
109,No action,Action not necessary,55301959
101,No action,Action not necessary,55302965
108,Something,Took action,55303912
66,Summons,Summons,55303913
107,Something,Took action,55304893
94,Something,Took action,55304894
45,No action,Gone,55304895
101,Something,Took action,55304896
102,Something,Took action,55305863
23,Summons,Summons,55305864
43,No action,Action not necessary,55306840
109,No action,Action not necessary,55306841
40,No action,Found no violation,55306842
83,No action,Action not necessary,55307848
81,Something,Took action,55307849
10,No action,Action not necessary,55308882
115,No action,Action not necessary,55308883
75,Something,Took action,55309716
94,No action,Action not necessary,55309717
43,No action,Action not necessary,55309719
101,No action,Jurisdiction,55309720
103,Summons,Summons,55310641
23,Summons,Summons,55310642
52,Summons,Summons,55310643
44,No action,Found no violation,55310644
34,No action,Found no violation,55310647
26,Something,Took action,55311544
61,No action,Action not necessary,55311546
114,No action,Gone,55312451
50,No action,Gone,55312452
121,Something,Took action,55312453
108,Something,Took action,55312454
113,No action,Found no violation,55312455
19,No action,Gone,55312456
114,No action,Jurisdiction,55313339
108,No action,Action not necessary,55313341
114,No action,Action not necessary,55313342
84,No action,Gone,55313343
104,No action,Found no violation,55313344
115,Something,Took action,55314203
102,No action,Action not necessary,55314204
108,No action,Found no violation,55314205
106,Something,Took action,55314206
114,No action,Action not necessary,55314207
115,No action,Gone,55314208
114,No action,Action not necessary,55314209
114,No action,Action not necessary,55315070
102,No action,Provided information,55315071
107,No action,Gone,55315072
102,No action,Action not necessary,55315073
79,No action,Found no violation,55316005
20,No action,Found no violation,55316006
104,Summons,Summons,55316007
45,Something,Took action,55316008
106,Something,Took action,55316009
75,Something,Took action,55316010
20,No action,Found no violation,55316011
45,No action,Gone,55310640
48,Something,Took action,55310645
34,No action,Action not necessary,55310646
46,No action,Action not necessary,55311545
102,No action,Provided information,55312450
109,No action,Found no violation,55313340
50,No action,Gone,55313345
50,Something,Took action,55315074
84,Summons,Summons,55316012
44,Something,Took action,55317049
75,Something,Took action,55317051
47,No action,Jurisdiction,55317053
103,Something,Took action,55317054
88,Something,Took action,55318112
106,No action,Found no violation,55318113
33,No action,Found no violation,55319153
47,No action,Jurisdiction,55320185
49,No action,Action not necessary,55321229
33,No action,Found no violation,55321230
109,Something,Took action,55321231
79,Something,Took action,55321233
43,Something,Took action,55321235
44,Something,Took action,55322300
46,Something,Took action,55323362
49,Summons,Summons,55323363
44,Something,Took action,55324426
104,Something,Took action,55324428
50,No action,Gone,55317050
115,Summons,Summons,55317052
50,No action,Gone,55318111
50,No action,Gone,55319152
46,No action,Action not necessary,55319154
75,Something,Took action,55321234
113,Something,Took action,55324427
75,Something,Took action,55325663
120,No action,Gone,55325664
33,No action,Action not necessary,55325665
19,Something,Took action,55325666
62,No action,Action not necessary,55325667
49,Summons,Summons,55326913
106,No action,Found no violation,55326914
108,No action,Found no violation,55328173
19,No action,Action not necessary,55328174
62,Something,Took action,55328175
102,No action,Gone,55329385
104,No action,Action not necessary,55329386
63,Something,Took action,55329388
43,No action,Found no violation,55329389
24,No action,Found no violation,55329390
90,No action,Found no violation,55330553
30,Summons,Summons,55330554
19,No action,Action not necessary,55330555
109,No action,Found no violation,55331764
112,No action,Action not necessary,55331765
109,No action,Found no violation,55333004
73,No action,Found no violation,55333005
78,Summons,Summons,55333006
88,No action,Provided information,55333007
33,No action,Action not necessary,55334307
113,No action,Action not necessary,55334308
122,No action,Found no violation,55334309
43,Summons,Summons,55334310
40,No action,Action not necessary,55328176
112,Something,Took action,55335625
106,Something,Took action,55335626
102,Something,Took action,55335627
34,No action,Found no violation,55335628
41,Summons,Summons,55335629
75,No action,Jurisdiction,55335630
33,Something,Took action,55336881
121,Something,Report,55336882
34,No action,Found no violation,55336884
68,Summons,Summons,55336885
63,No action,Found no violation,55338128
104,No action,Gone,55339376
114,Summons,Summons,55339378
79,No action,Action not necessary,55339379
45,Something,Took action,55339380
47,No action,Jurisdiction,55340651
34,No action,Found no violation,55341900
84,No action,Gone,55341901
49,No action,Gone,55341902
107,No action,Action not necessary,55341903
121,Something,Took action,55343210
47,No action,Jurisdiction,55343211
102,No action,Gone,55344481
106,No action,Jurisdiction,55344483
34,Summons,Summons,55344484
90,Something,Took action,55344485
108,Something,Took action,55336883
75,Something,Took action,55338127
70,No action,Gone,55338129
9,No action,Found no violation,55339377
48,Something,Took action,55341904
66,No action,Action not necessary,55344486
20,No action,Action not necessary,55345751
50,Something,Took action,55345752
107,No action,Gone,55347066
47,No action,Jurisdiction,55348394
112,No action,Gone,55348395
44,Summons,Summons,55348396
44,No action,Gone,55348397
50,No action,Action not necessary,55349700
62,No action,Action not necessary,55349701
102,Something,Took action,55349702
46,No action,Found no violation,55349703
78,Something,Took action,55349704
114,Summons,Summons,55349705
100,No action,Gone,55349706
104,No action,Action not necessary,55350950
60,Something,Took action,55350951
41,Something,Took action,55350952
47,No action,Jurisdiction,55350954
90,Something,Took action,55350955
62,No action,Action not necessary,55350956
44,Something,Took action,55350957
44,Something,Took action,55350958
106,No action,Jurisdiction,55352258
24,No action,Found no violation,55352259
70,No action,Action not necessary,55352260
34,Summons,Summons,55352261
79,Something,Took action,55352262
68,Something,Took action,55352263
106,No action,Found no violation,55353605
50,No action,Action not necessary,55353606
18,No action,Found no violation,55353607
17,Something,Took action,55353608
50,Something,Took action,55354917
50,No action,Action not necessary,55354918
115,Something,Took action,55354919
110,No action,Action not necessary,55354920
66,No action,Gone,55354921
77,Something,Took action,55354922
107,No action,Provided information,55354923
45,No action,Jurisdiction,55354924
115,No action,Action not necessary,55348398
49,Something,Took action,55348399
48,No action,Provided information,55349707
70,No action,Found no violation,55350953
30,No action,Gone,55352264
113,No action,Found no violation,55353609
49,No action,Found no violation,55353610
49,No action,Found no violation,55354925
78,No action,Action not necessary,55356207
120,No action,Action not necessary,55356208
78,No action,Action not necessary,55357563
104,No action,Found no violation,55357564
79,No action,Found no violation,55357567
78,No action,Action not necessary,55358835
78,No action,Found no violation,55358836
75,Something,Took action,55358837
102,No action,Gone,55358838
61,No action,Gone,55358839
32,Something,Took action,55358840
30,Summons,Summons,55358841
45,Something,Took action,55358842
40,No action,Action not necessary,55358843
107,Something,Took action,55360100
68,No action,Found no violation,55360101
111,No action,Action not necessary,55360102
41,Something,Took action,55361382
67,Summons,Summons,55361384
52,No action,Gone,55362634
102,No action,Action not necessary,55362635
83,Something,Took action,55362636
50,No action,Gone,55363976
109,Something,Took action,55363977
49,Something,Took action,55363978
115,No action,Action not necessary,55363979
102,Something,Took action,55365299
61,No action,Gone,55365300
76,Something,Took action,55357565
84,No action,Action not necessary,55357566
114,Summons,Summons,55361383
120,No action,Found no violation,55363980
120,No action,Gone,55365298
102,Something,Took action,55366422
50,Something,Took action,55366423
50,No action,Found no violation,55366424
44,No action,Found no violation,55366425
49,Something,Took action,55367583
102,No action,Action not necessary,55368650
79,No action,Action not necessary,55368651
120,Summons,Summons,55369798
107,No action,Gone,55369799
50,No action,Gone,55369800
105,No action,Found no violation,55369801
79,Something,Took action,55370962
114,No action,Action not necessary,55370963
115,Something,Took action,55370964
121,Something,Took action,55373176
105,Something,Took action,55373177
49,Summons,Summons,55374287
79,Summons,Summons,55375752
120,Something,Took action,55377303
40,No action,Found no violation,55378807
106,Summons,Summons,55378808
105,Something,Took action,55378809
90,No action,Action not necessary,55378810
106,No action,Gone,55380377
24,No action,Found no violation,55383514
78,Something,Took action,55385065
102,No action,Gone,55385066
120,No action,Gone,55385067
33,Something,Took action,55385068
79,No action,Action not necessary,55385070
43,No action,Found no violation,55385071
104,Something,Took action,55385072
1,Something,Took action,55377304
107,Something,Report,55381980
110,No action,Found no violation,55381981
71,No action,Found no violation,55383513
113,Something,Took action,55386611
75,Something,Took action,55388398
109,Something,Took action,55388399
106,No action,Gone,55388400
63,Something,Took action,55390030
121,Something,Report,55390031
44,No action,Found no violation,55390033
120,No action,Provided information,55391765
109,Summons,Summons,55391766
102,Something,Took action,55391767
79,Something,Took action,55393525
108,No action,Gone,55393526
109,Something,Took action,55393527
69,Something,Took action,55393528
71,Something,Took action,55393529
19,No action,Found no violation,55393530
113,Something,Took action,55393531
90,Something,Took action,55395301
50,No action,Gone,55397063
48,No action,Found no violation,55397064
109,Something,Took action,55398769
108,Something,Took action,55398771
47,No action,Jurisdiction,55398772
23,Something,Took action,55400458
106,Something,Took action,55400459
75,Something,Took action,55390032
102,No action,Found no violation,55391764
45,No action,Gone,55395302
48,No action,Gone,55395303
75,Something,Took action,55398770
73,No action,Action not necessary,55398773
1,No action,Action not necessary,55400457
50,No action,Found no violation,55400460
71,Something,Took action,55400461
102,Summons,Summons,55402058
18,No action,Action not necessary,55402059
106,No action,Jurisdiction,55402060
50,Something,Took action,55402061
78,No action,Action not necessary,55402062
72,Something,Took action,55402063
79,Something,Took action,55402064
78,Something,Took action,55403673
102,No action,Action not necessary,55403674
50,No action,Gone,55403676
63,Summons,Summons,55405226
34,Something,Took action,55406726
102,No action,Action not necessary,55406728
104,Something,Took action,55406729
43,No action,Found no violation,55406730
114,Summons,Summons,55408243
50,No action,Action not necessary,55408244
90,No action,Action not necessary,55408245
9,No action,Gone,55408246
47,No action,Jurisdiction,55408248
104,Something,Took action,55408249
47,Something,Took action,55408250
52,No action,Gone,55409859
40,Something,Took action,55409861
34,Something,Took action,55409862
114,Something,Took action,55411416
68,Something,Took action,55411417
75,No action,Action not necessary,55411419
50,Summons,Summons,55411420
50,No action,Found no violation,55412954
